"","ID","Description","GeneRatio","BgRatio","pvalue","p.adjust","qvalue","geneID","Count"
"hsa04740","hsa04740","Olfactory transduction","177/1792","419/7240",4.32889474693349e-16,1.30732621357391e-13,1.30732621357391e-13,"79290/5592/79544/79317/390433/122748/81127/122740/441670/441669/390445/26533/390429/440153/26686/390442/341799/390437/122742/390436/26534/26687/390431/390439/57101/81392/390892/26333/26658/125958/126541/126370/26659/26664/26539/26538/162998/125963/6543/390882/284433/26648/2788/808/26532/390883/5566/125962/284383/409/8387/8388/8390/4991/3000/4994/8386/8392/8383/26189/4995/341152/5138/408/219981/390199/219986/390201/219983/390197/219982/1260/127066/127062/403239/391195/343169/26696/127059/81466/441933/127623/284521/254879/343173/81472/81470/391192/343171/391189/391191/26245/284532/127077/391196/26188/391194/127068/391190/343172/401993/127069/343563/81469/401994/401992/26246/127064/127074/391211/120066/119682/8590/283111/196335/119695/81285/120775/338755/119679/401667/390083/120065/390038/390036/255725/401666/79339/390084/119772/390079/341276/390061/120796/390077/390081/119692/79345/81282/256892/23538/120787/401665/144124/390078/390075/390093/390054/390066/282763/390064/26496/390037/1262/340980/79473/390072/119687/338751/387748/79324/143503/390058/119694/120776/283297/143502/119678/390059/120793/143496/144125/119774/390063/390067/390538/283694",177
