"","ID","Description","GeneRatio","BgRatio","pvalue","p.adjust","qvalue","geneID","Count"
"hsa04742","hsa04742","Taste transduction","16/66","83/7281",9.7426424008058e-18,9.93749524882192e-16,9.33242587866661e-16,"SCNN1A/GNB3/TAS2R9/TAS2R7/TAS2R8/TAS2R14/TAS2R20/TAS2R50/TAS2R13/TAS2R10/TAS2R46/TAS2R19/TAS2R31/TAS2R43/TAS2R30/TAS2R42",16
"hsa04612","hsa04612","Antigen processing and presentation","6/66","77/7281",6.30782599518044e-05,0.00321699125754202,0.00302111666084958,"CD4/KLRC2/KLRC4/KLRC3/KLRD1/KLRC1",6
"hsa04650","hsa04650","Natural killer cell mediated cytotoxicity","7/66","133/7281",0.000183999027404901,0.00625596693176663,0.00587505666450736,"PTPN6/KLRC2/KLRK1/KLRC4-KLRK1/KLRC3/KLRD1/KLRC1",7
"hsa04610","hsa04610","Complement and coagulation cascades","5/66","79/7281",0.000705286829245644,0.0179848141457639,0.0168897635424615,"VWF/C1S/C1R/C3AR1/A2M",5
